,test_statistic,p,-log2(p)
Acute-Care_dd_g2,5.121119496889386,0.023636363530506754,5.402848096732127
