,test_statistic,p,-log2(p)
Acute-Care_dd_g0,1.0868444218633695,0.29717144202006623,1.750632614393199
