,test_statistic,p,-log2(p)
Acute Care,28.804596390740777,8.006088488381237e-08,23.57432719770229
