,test_statistic,p,-log2(p)
Acute Care_dd,21.176410605258027,4.18888667611e-06,17.865001714488468
