,LogRank Statistic,LogRank Test P-value,RMST Difference After 6 Months,RMST Difference After 12 Months,RMST Difference After 18 Months,RMST Difference After 24 Months
Diabetes,48.182246242398975,3.883889999243205e-12,-0.140155901552383,-0.3201456504061895,-0.5071540737546876,-0.7308016271774314
Emergency Visits,19.601723236712846,9.538312991609422e-06,0.10319915970832128,0.32120225017641424,0.5818061891122106,0.8922352478757887
Inpatient Vistis,14.546637556887667,0.0001367324514823751,0.06177070370397786,0.21712978164558727,0.40045643786531215,0.6217146016777129
Acute Care,28.80459639074077,8.006088488381237e-08,0.1522594462019562,0.4750975998121465,0.8303518542333581,1.2541116532748475
Acute Care DD,21.176410605258027,4.18888667611e-06,0.07789223643102883,0.3003700391529698,0.6177961661924076,0.957607743788607
