,test_statistic,p,-log2(p)
Diabetes,48.18224624239898,3.883889999243205e-12,37.90563479777632
