,test_statistic,p,-log2(p)
Emergency Visits,19.601723236712846,9.538312991609422e-06,16.677834445007292
