,test_statistic,p,-log2(p)
Inpatient Visits,14.546637556887667,0.0001367324514823751,12.836356693031878
