,C0 Pred,C1 Pred,C2 Pred,C3 Pred,C4 Pred,C5 Pred
C0 True,0.6848972396048411,0.22843937613163495,0.06668307868237985,0.015803182872208634,0.0033115212350306534,0.0008656014739048951
C1 True,0.2922201138519924,0.47736513960422877,0.19171862293304417,0.032800216860937925,0.005218216318785579,0.0006776904310111142
C2 True,0.07350901525658807,0.23358081096516276,0.43754589214326506,0.1973566125479318,0.04707514073590601,0.010932528351146284
C3 True,0.014724630290668027,0.06272310045894952,0.23674145843957164,0.43173125956144826,0.20416879143294236,0.049910759816420194
C4 True,0.007506255212677231,0.021620581253608776,0.07743632514274716,0.2702893436838391,0.43023032013857704,0.1929171745685507
C5 True,0.003230301494806182,0.01070433240435774,0.024512287813529262,0.07917405624524956,0.22384089181656955,0.6585381302254877
