,test_statistic,p,-log2(p)
Acute-Care_dd_g2,6.640862582535653,0.009966566621466314,6.6486876878891055
