,test_statistic,p,-log2(p)
Acute-Care_dd_g0,4.066805769378665,0.04373390133828631,4.5151041381691215
