,test_statistic,p,-log2(p)
Acute-Care_dd_g1,3.4849492572494487,0.06192925994916035,4.013234983733101
