,test_statistic,p,-log2(p)
Acute-Care_dd_g0,1.8482359009777276,0.1739887089906386,2.5229344095705684
