,test_statistic,p,-log2(p)
Acute-Care_dd_g1,4.744294266289825,0.029395608454072734,5.088255549500991
