,test_statistic,p,-log2(p)
Acute Care,11.521029899189642,0.000688132549230428,10.505025893548106
