,test_statistic,p,-log2(p)
Acute Care_dd,10.56995607218841,0.0011494045766896742,9.764897585853463
