,LogRank Statistic,LogRank Test P-value,RMST Difference After 6 Months,RMST Difference After 12 Months,RMST Difference After 18 Months,RMST Difference After 24 Months
Diabetes,47.0198390481002,7.0271774192445545e-12,-0.14323336822372568,-0.3192457950969789,-0.508814346458621,-0.7365723702524782
Emergency Visits,6.002720002362949,0.014283840252246282,0.048574175287624755,0.1591085403155983,0.2898373596470698,0.46407621440960156
Inpatient Vistis,5.286639690557476,0.02148964733037936,0.03169559138995037,0.11470453190577068,0.21697544028642213,0.36809698901375754
Acute Care,11.521029899189642,0.000688132549230428,0.07401802481515318,0.2562038446617301,0.46725045829211354,0.7589931026450571
Acute Care DD,10.56995607218841,0.0011494045766896742,0.03710802146645609,0.14105498207539569,0.3362910949999254,0.5703965640713093
