,test_statistic,p,-log2(p)
Diabetes,47.019839048100195,7.0271774192445545e-12,37.0501918150641
