,test_statistic,p,-log2(p)
Emergency Visits,6.002720002362949,0.014283840252246282,6.129472285474935
