,test_statistic,p,-log2(p)
Inpatient Visits,5.286639690557477,0.02148964733037936,5.540214383085701
