,test_statistic,p,-log2(p)
Acute-Care_dd_g1,6.930971489184274,0.00847156599419959,6.883155603978497
