,coef,std err,t,P>|t|,[0.025,0.975]
const,0.1889,0.1,1.895,0.057999999999999996,-0.006999999999999999,0.385
PG_0,0.0633,0.126,0.504,0.614,-0.183,0.31
