,coef,std err,t,P>|t|,[0.025,0.975]
const,0.2577,0.07400000000000001,3.502,0.0,0.113,0.402
PG_1,-0.0897,0.13,-0.6920000000000001,0.489,-0.344,0.165
