,coef,std err,t,P>|t|,[0.025,0.975]
const,0.269,0.071,3.79,0.0,0.13,0.408
PG_1,-0.148,0.136,-1.0859999999999999,0.278,-0.415,0.11900000000000001
