,coef,std err,t,P>|t|,[0.025,0.975]
const,0.2047,0.077,2.656,0.008,0.054000000000000006,0.35600000000000004
PG_1,0.0634,0.125,0.508,0.612,-0.18100000000000002,0.308
