,coef,std err,t,P>|t|,[0.025,0.975]
const,0.2237,0.062,3.602,0.0,0.102,0.34600000000000003
PG_2,0.1068,0.285,0.375,0.7070000000000001,-0.451,0.665
