,coef,std err,t,P>|t|,[0.025,0.975]
const,0.1914,0.062,3.069,0.002,0.069,0.314
PG_2,0.6304,0.256,2.464,0.013999999999999999,0.128,1.1320000000000001
