,test_statistic,p,-log2(p)
Acute-Care_dd_6,1.1272269143394624,0.28836761690982504,1.7940189328978273
