,test_statistic,p,-log2(p)
Acute-Care_dd_1,0.12670655423647814,0.7218715387277441,0.47018597097404474
