,C0 Pred,C1 Pred,C2 Pred,C3 Pred,C4 Pred,C5 Pred
C0 True,0.8504708765327722,0.09242958306052265,0.03311789235473229,0.019569266367051676,0.003922911647479865,0.0004894700374412794
C1 True,0.08572931755445626,0.8762674574325617,0.03800322501298204,0.0,0.0,0.0
C2 True,0.00981764884096064,0.0731451685540462,0.822905663776233,0.08773653655620788,0.003226149827638442,0.003168832444913901
C3 True,0.010351677784195127,0.030953484091673596,0.16517621970182597,0.7843093698233677,0.009209248598937542,0.0
C4 True,0.007676983009123555,0.019972845051835497,0.05328841346580888,0.19607395282144988,0.7135470199347773,0.009440785717004834
C5 True,0.0036049163710086163,0.019298023314749113,0.03749366447034972,0.10221743537759757,0.11135326913329954,0.7260326913329954
