,C0 Pred,C1 Pred,C2 Pred,C3 Pred,C4 Pred,C5 Pred
C0 True,0.52866339717633,0.055643843801847274,0.0538464716838405,0.051455537686014505,0.04823107435494842,0.26215967529701933
C1 True,0.4741589002159119,0.055973106671403976,0.05514635546202411,0.05435376752575911,0.05223564459263713,0.30813222553226377
C2 True,0.4156656595183702,0.055671555020593316,0.056244728847838724,0.055131133983476216,0.054205867662351484,0.36308105496737003
C3 True,0.3621944795283037,0.053922657544158065,0.05647408272456667,0.056804117822529976,0.055439549629027855,0.41516511275141377
C4 True,0.3099343966906493,0.051829152232669685,0.05286332432398137,0.056257692844544266,0.055502683771746164,0.4736127501364092
C5 True,0.26334896097313737,0.048789913836796754,0.05188798783578307,0.053516218955904714,0.055784338570704514,0.5266725798276736
