,C0 Pred,C1 Pred,C2 Pred,C3 Pred,C4 Pred,C5 Pred
C0 True,0.8886876799755901,0.059697863495070336,0.0323161467901572,0.014768328110200683,0.003880798153998716,0.0006491834749829957
C1 True,0.079989887671158,0.9108338571701877,0.00917625515865424,0.0,0.0,0.0
C2 True,0.017137897434637714,0.06227943042897967,0.8463812261006984,0.06780646376313182,0.003226149827638442,0.003168832444913901
C3 True,0.01196377230116972,0.048254939419519034,0.1633292925189929,0.7764519957603183,0.0,0.0
C4 True,0.0073343738500387026,0.023214942835027345,0.07022853299833771,0.1584630806908016,0.7407590696257946,0.0
C5 True,0.0029080081094779524,0.022218702483527624,0.047820577800304104,0.08966675114039534,0.0940952863659402,0.7432906741003548
