,C0 Pred,C1 Pred,C2 Pred,C3 Pred,C4 Pred,C5 Pred
C0 True,0.5899528328873012,0.17300620419164342,0.12291260099292493,0.06871889163641912,0.030594261122729845,0.014815209168981585
C1 True,0.41023941621798904,0.19629533466342344,0.17091202273907458,0.11823908825056711,0.0643089453114324,0.04000519281751346
C2 True,0.2361476168251083,0.17436766644558532,0.19478903109058604,0.1706338483709581,0.11678826140001801,0.10727357586774423
C3 True,0.11834296993507194,0.12472153288609346,0.17592140087205427,0.19358462544189795,0.168489264339073,0.21894020652580937
C4 True,0.04687400865405358,0.06989226845330998,0.12350425723603234,0.17582828936515793,0.19335211339094244,0.3905490629005038
C5 True,0.015756462240243286,0.033020780537252915,0.07087557019766852,0.12557653319817536,0.1753611251900659,0.579409528636594
