,test_statistic,p,-log2(p)
Acute-Care_dd_1,0.6622452107453392,0.4157684167521042,1.2661479247760006
