,test_statistic,p,-log2(p)
Acute-Care_dd_3,2.5539583107278316,0.1100183078395382,3.184184476305034
