,test_statistic,p,-log2(p)
Acute-Care_dd_4,0.38760213627977047,0.5335625212286825,0.9062707633283118
