,test_statistic,p,-log2(p)
Acute-Care_dd_5,1.3289101595341866,0.24899919408850324,2.0057870220173046
