,test_statistic,p,-log2(p)
Acute-Care_dd_2,0.1625214182957179,0.6868456385114288,0.5419421902785879
