,test_statistic,p,-log2(p)
Acute-Care_dd_6,1.1850402371364304,0.27633228697970735,1.8555239567537605
