,test_statistic,p,-log2(p)
Acute-Care_dd_7,5.3113466969026435,0.02118697281286377,5.560678719094096
