,test_statistic,p,-log2(p)
Acute-Care_dd_8,0.019096191981484906,0.8900910705499907,0.16797514048347725
