,test_statistic,p,-log2(p)
Acute-Care_dd_9,2.878998167034182,0.08974183943214435,3.478075434639052
