,test_statistic,p,-log2(p)
Acute-Care_dd_0,0.7911012798722064,0.37376733028165854,1.4197876213110352
