,test_statistic,p,-log2(p)
Acute Care,3.827288785955749,0.05042443543187582,4.309733163721668
