,test_statistic,p,-log2(p)
Acute Care_dd,4.407701859222271,0.03577700863721869,4.8048234229735725
