,LogRank Statistic,LogRank Test P-value,RMST Difference After 6 Months,RMST Difference After 12 Months,RMST Difference After 18 Months,RMST Difference After 24 Months
Diabetes,44.69674333873585,2.3003962151518567e-11,-0.13917025845580255,-0.31247991686137766,-0.501164225607365,-0.7232148661862645
Emergency Visits,0.9020205432038884,0.3422405064359597,0.022630662477109098,0.0702787806474916,0.12254779729232013,0.19650412593551891
Inpatient Vistis,3.831347170025574,0.050302486839954835,0.027492529807655153,0.10459887070976848,0.1801305047725883,0.3090619420831757
Acute Care,3.8272887859557487,0.050424435431875816,0.048269769282869746,0.17097221889187786,0.2920759150754435,0.46707190030114276
Acute Care DD,4.407701859222271,0.03577700863721869,0.023295430510741788,0.0909738618484699,0.22336542598379516,0.3697863166298134
