,test_statistic,p,-log2(p)
Diabetes,44.696743338735864,2.3003962151518564e-11,35.339326674589245
