,test_statistic,p,-log2(p)
Emergency Visits,0.9020205432038885,0.34224050643595966,1.54691757241872
