,test_statistic,p,-log2(p)
Inpatient Visits,3.831347170025574,0.050302486839954835,4.313226464436094
