,test_statistic,p,-log2(p)
Acute Care,2.647417091642674,0.1037182962549427,3.269257682047972
