,LogRank Statistic,LogRank Test P-value,RMST Difference After 6 Months,RMST Difference After 12 Months,RMST Difference After 18 Months,RMST Difference After 24 Months
Diabetes,0.20520829849720604,0.6505492990664536,0.01740610793970543,0.05170042464749436,0.06916749950237744,0.07362698454939576
Emergency Visits,2.0721307677762733,0.15001180930813654,0.01827296081812868,0.09634058259493017,0.1989357013773727,0.3210384743432435
Inpatient Vistis,0.81816439132259,0.3657174018317868,0.004184781355583311,0.01874743164005821,0.04331981069506341,0.13603459592656364
Acute Care,2.647417091642674,0.1037182962549427,0.028204003546696832,0.135004687572291,0.2571069757652502,0.4374694289125678
Acute Care DD,1.8856480852798556,0.1696935921597499,0.00908094489917044,0.03958652322631373,0.13298837536510177,0.23100768586550657
