,test_statistic,p,-log2(p)
Diabetes,0.20520829849720604,0.6505492990664536,0.6202697053943595
