,test_statistic,p,-log2(p)
Emergency Visits,2.0721307677762733,0.15001180930813657,2.736852017101803
