,C0 Pred,C1 Pred,C2 Pred
C0 True,0.5356394129979035,0.0649895178197065,0.39937106918238996
C1 True,0.45462659922642074,0.0754239809580482,0.46994941981553107
C2 True,0.3931818181818182,0.06803030303030302,0.5387878787878788
