,C0 Pred,C1 Pred,C2 Pred
C0 True,0.9622533656002868,0.03774663439971314,0.0
C1 True,0.05254492701468703,0.9028691812299918,0.04458589175532114
C2 True,0.0,0.025709536397214364,0.9742904636027856
