,test_statistic,p,-log2(p)
Acute-Care_dd_1,0.8394563270896194,0.3595523078343015,1.4757264250194704
