,test_statistic,p,-log2(p)
Acute-Care_dd_,1.386600342572132,0.23898006036923497,2.06503784490932
