,test_statistic,p,-log2(p)
Acute-Care_dd_,0.5,0.47950012218695337,1.0603969120141559
