,test_statistic,p,-log2(p)
Acute-Care_dd_g0,7.760793815444162,0.005339248911102273,7.549147476914165
