,test_statistic,p,-log2(p)
Acute-Care_dd_,6.48816161785348,0.010859522274766829,6.524895551363967
