,test_statistic,p,-log2(p)
Acute-Care_dd_,0.6112732591541897,0.43430880797544447,1.203206883302927
