,test_statistic,p,-log2(p)
Acute-Care_dd_38,0.035102440051656796,0.8513811643350255,0.23212292210512
