,test_statistic,p,-log2(p)
Acute-Care_dd_26,0.23977691897915154,0.624367282058119,0.6795331553441422
