,test_statistic,p,-log2(p)
Acute-Care_dd_11,1.052212001076013,0.3049981926644393,1.7131274012012683
