,test_statistic,p,-log2(p)
Acute-Care_dd_13,1.25,0.26355247728296954,1.9238378420266782
