,test_statistic,p,-log2(p)
Acute-Care_dd_17,0.1333278502594882,0.7150062589301758,0.4839722240620638
