,test_statistic,p,-log2(p)
Acute-Care_dd_19,0.8530229981521323,0.3556985505943786,1.4912729991903333
