,test_statistic,p,-log2(p)
Acute-Care_dd_14,0.0003491832470113068,0.9850912412585681,0.02167073862800029
