,test_statistic,p,-log2(p)
Acute-Care_dd_21,0.7130286219313062,0.3984402126098233,1.3275648360227486
