,test_statistic,p,-log2(p)
Acute-Care_dd_27,0.5332745258851549,0.46523342493442277,1.1039733431862362
