,test_statistic,p,-log2(p)
Acute-Care_dd_g0,4.504439972050121,0.033806964946221485,4.886535687106829
