,test_statistic,p,-log2(p)
Acute-Care_dd_25,0.04925992253736505,0.8243561036582409,0.27866041038943967
