,test_statistic,p,-log2(p)
Acute-Care_dd_34,0.9357105350257365,0.3333834292123111,1.584745697783638
