,test_statistic,p,-log2(p)
Acute-Care_dd_28,0.6162829782482527,0.43243191762156097,1.2094550831586206
