,test_statistic,p,-log2(p)
Acute-Care_dd_35,0.06084260485563843,0.8051690917811175,0.3126363026454455
