,test_statistic,p,-log2(p)
Acute-Care_dd_39,0.42218675179569043,0.5158479096059773,0.9549823245886025
