,test_statistic,p,-log2(p)
Acute-Care_dd_10,2.339225809286603,0.12615223634135772,2.9867623132264267
