,test_statistic,p,-log2(p)
Acute-Care_dd_32,0.07217499046040776,0.7881959265127951,0.34337380140625606
