,test_statistic,p,-log2(p)
Acute-Care_dd_15,1.0,0.31731050786291115,1.6560327974241194
