,test_statistic,p,-log2(p)
Acute-Care_dd_23,0.009136787870084923,0.9238489506149042,0.1142711047315907
