,test_statistic,p,-log2(p)
Acute-Care_dd_37,0.25741908128863267,0.6118988507649624,0.708634905303263
