,test_statistic,p,-log2(p)
Acute-Care_dd_30,3.1190804992564765,0.07738043692851934,3.691887314795244
