,test_statistic,p,-log2(p)
Acute-Care_dd_18,0.8374910142472379,0.36011532927348155,1.4734690818736829
