,test_statistic,p,-log2(p)
Acute-Care_dd_36,0.7880568300913747,0.3746883448660696,1.416236993295708
