,test_statistic,p,-log2(p)
Acute-Care_dd_12,3.238742744482626,0.07191580564964861,3.797547308868271
