,test_statistic,p,-log2(p)
Acute-Care_dd_31,0.12502309788640031,0.7236491270181502,0.4666377420696999
