,test_statistic,p,-log2(p)
Acute-Care_dd_g1,3.0485251656650147,0.08081049574841619,3.629313505946069
