,test_statistic,p,-log2(p)
Acute-Care_dd_20,4.032352115224085,0.044635668739128935,4.4856591489817985
