,test_statistic,p,-log2(p)
Acute-Care_dd_33,3.1633728590250336,0.07530744427252274,3.7310637049013016
