,test_statistic,p,-log2(p)
Acute-Care_dd_24,0.11604452560619545,0.7333647595970565,0.4473971530484214
