,test_statistic,p,-log2(p)
Acute-Care_dd_22,1.9589786891039658,0.1616225879500689,2.62929925542223
