,test_statistic,p,-log2(p)
Acute-Care_dd_16,0.012611254644904066,0.9105856666127786,0.1351333445895658
