,test_statistic,p,-log2(p)
Acute Care,13.708884617076858,0.00021344235552605182,12.193865886404748
