,LogRank Statistic,LogRank Test P-value,RMST Difference After 6 Months,RMST Difference After 12 Months,RMST Difference After 18 Months,RMST Difference After 24 Months
Diabetes,42.9555454658464,5.599794628072601e-11,-0.14772373775282954,-0.3188982165541727,-0.5063651534385656,-0.7300839232163874
Emergency Visits,7.997824897998114,0.004683357520106464,0.044152054970807875,0.17686081887749516,0.3439383762018302,0.5931367615392453
Inpatient Vistis,4.19055003948737,0.040649906324368594,0.014025023351240229,0.04902086472293021,0.1232738429671798,0.2977390002513012
Acute Care,13.708884617076857,0.00021344235552605184,0.07774005122465688,0.2815920947205619,0.5268559011112046,0.9043660379032055
Acute Care DD,1.0172290117362528,0.3131771982652686,-0.06437454279443422,-0.14254551526030212,-0.13824132838803038,-0.06294886310071135
