,test_statistic,p,-log2(p)
Diabetes,42.9555454658464,5.599794628072601e-11,34.055835126321874
