,test_statistic,p,-log2(p)
Inpatient Visits,4.19055003948737,0.040649906324368594,4.620604162087573
