,test_statistic,p,-log2(p)
Acute Care_dd,13.513464242470079,0.00023685788937461935,12.043690652860969
