,test_statistic,p,-log2(p)
Acute Care,12.262009010460819,0.0004622735587112092,11.078965534404013
