,LogRank Statistic,LogRank Test P-value,RMST Difference After 6 Months,RMST Difference After 12 Months,RMST Difference After 18 Months,RMST Difference After 24 Months
Diabetes,26.11288403035758,3.220280256616365e-07,-0.12871384405544894,-0.3069336558115534,-0.4728670948284126,-0.6886663885095814
Emergency Visits,3.2926128970809643,0.06959219404776085,0.061216242441741286,0.158264014590765,0.2391011358552717,0.436740122214605
Inpatient Vistis,9.441047956199158,0.0021218221935417943,0.043521402386192065,0.16088455430796778,0.34040565209726026,0.5819702750645135
Acute Care,12.26200901046082,0.00046227355871120916,0.0980405982393906,0.2982691673949347,0.5610512505187444,0.9745659207790496
Acute Care DD,13.51346424247008,0.00023685788937461935,0.01769551769551292,0.1765361617328587,0.4366944842390055,0.7888318879342933
