,test_statistic,p,-log2(p)
Diabetes,26.11288403035758,3.220280256616365e-07,21.566310414618172
