,test_statistic,p,-log2(p)
Emergency Visits,3.2926128970809643,0.06959219404776085,3.8449306974960087
