,test_statistic,p,-log2(p)
Inpatient Visits,9.441047956199158,0.0021218221935417943,8.880480519664482
