,test_statistic,p,-log2(p)
Acute-Care_dd_,1.327605363913255,0.24923167317972478,2.0044406724496997
