,test_statistic,p,-log2(p)
Acute-Care_dd_13,0.06480304464369908,0.7990595416143174,0.3236250858627644
