,test_statistic,p,-log2(p)
Acute-Care_dd_11,0.5416831438592212,0.4617360129820933,1.1148598354814925
