,test_statistic,p,-log2(p)
Acute-Care_dd_2,0.9096388706968259,0.34021025510104475,1.555501465466214
