,test_statistic,p,-log2(p)
Acute-Care_dd_15,0.0063280093503264015,0.9365961289278322,0.09450101968207424
