,test_statistic,p,-log2(p)
Acute-Care_dd_g0,0.21538433067310928,0.6425795591053582,0.6380530064626844
