,test_statistic,p,-log2(p)
Acute-Care_dd_g1,400.1902971975211,5.0062135276473864e-89,293.3278806180504
