,test_statistic,p,-log2(p)
Acute-Care_dd_g2,83.152257412254,7.597055782512094e-20,63.513121483261685
