,C0 Pred,C1 Pred,C2 Pred,C3 Pred,C4 Pred,C5 Pred
C0 True,0.5311811023622047,0.095748031496063,0.08818897637795275,0.0768503937007874,0.06031496062992126,0.14771653543307087
C1 True,0.49757449757449757,0.10464310464310464,0.10672210672210672,0.08385308385308385,0.06375606375606375,0.14345114345114346
C2 True,0.37305699481865284,0.1001727115716753,0.10103626943005181,0.08031088082901554,0.09067357512953368,0.2547495682210708
C3 True,0.2659780503550678,0.09038089089735313,0.105229180116204,0.1013557133634603,0.10458360232408005,0.33247256294383476
C4 True,0.20502901353965183,0.08188265635074146,0.09413281753707285,0.09864603481624758,0.09993552546744036,0.4203739522888459
C5 True,0.15322076297686055,0.06504065040650407,0.075046904315197,0.08067542213883677,0.09380863039399624,0.5322076297686054
