,test_statistic,p,-log2(p)
Acute Care_dd,1.8856480852798554,0.1696935921597499,2.5589960069301356
