,test_statistic,p,-log2(p)
Acute Care,4.022487411872871,0.04489744984476047,4.477222686919686
