,LogRank Statistic,LogRank Test P-value,RMST Difference After 6 Months,RMST Difference After 12 Months,RMST Difference After 18 Months,RMST Difference After 24 Months
Diabetes,30.01604819609143,4.284854105557455e-08,-0.14046592589720408,-0.29743308376970745,-0.4687818599569198,-0.6501173283836792
Emergency Visits,2.0721307677762733,0.15001180930813654,0.01827296081812868,0.09634058259493017,0.1989357013773727,0.3210384743432435
Inpatient Vistis,0.81816439132259,0.3657174018317868,0.004184781355583311,0.01874743164005821,0.04331981069506341,0.13603459592656364
Acute Care,4.022487411872871,0.04489744984476047,0.03815468126627053,0.17102509019686707,0.3122739925389837,0.5232858152391522
Acute Care DD,1.8856480852798556,0.1696935921597499,0.00908094489917044,0.03958652322631373,0.13298837536510177,0.23100768586550657
