,test_statistic,p,-log2(p)
Diabetes,30.016048196091422,4.284854105557455e-08,24.476178676061483
