,test_statistic,p,-log2(p)
Inpatient Visits,0.81816439132259,0.3657174018317868,1.451198819208582
