,test_statistic,p,-log2(p)
Acute-Care_dd_g1,9.275205113948168,0.0023227667535033053,8.749939995112417
