,test_statistic,p,-log2(p)
Acute-Care_dd_4,4.12898873052383,0.04215453453198094,4.568168360625568
