,test_statistic,p,-log2(p)
Acute-Care_dd_8,2.310124449714254,0.12853375875935324,2.9597807689447406
