,test_statistic,p,-log2(p)
Acute-Care_dd_g0,0.5871595099673464,0.44351962539583467,1.1729301508236778
