,test_statistic,p,-log2(p)
Acute-Care_dd_3,0.10764286517355336,0.7428438255198839,0.42886916249627377
