,test_statistic,p,-log2(p)
Acute-Care_dd_7,0.3638745298461865,0.5463622554179031,0.8720702741479027
