,C0 Pred,C1 Pred,C2 Pred
C0 True,0.820536679073118,0.17779745467643174,0.0016658662504502341
C1 True,0.14872851002865328,0.7096167621776505,0.14165472779369628
C2 True,0.0,0.09160638939119951,0.9083936106088005
