,test_statistic,p,-log2(p)
Acute-Care_dd_4,0.4928006785068172,0.48268063880211554,1.0508591360650166
