,test_statistic,p,-log2(p)
Acute-Care_dd_0,0.754568311482731,0.3850337194401572,1.3769432991086485
