,test_statistic,p,-log2(p)
Acute-Care_dd_5,0.21638815721701934,0.6418058503809438,0.6397911543216992
