,test_statistic,p,-log2(p)
Acute-Care_dd_18,0.7314561974293603,0.3924115850980252,1.3495604602702005
