,test_statistic,p,-log2(p)
Acute-Care_dd_14,0.0014208065291092112,0.9699319888994313,0.04404450502828821
