,test_statistic,p,-log2(p)
Acute-Care_dd_16,0.5497659136374837,0.4584133574612338,1.1252790122621819
