,test_statistic,p,-log2(p)
Acute-Care_dd_g1,10.528911220106544,0.0011752142822460678,9.732860450639285
