,test_statistic,p,-log2(p)
Acute-Care_dd_12,0.020396303397418058,0.8864357948088459,0.17391195543330437
