,test_statistic,p,-log2(p)
Acute-Care_dd_19,0.03389367895448741,0.8539331551198752,0.2278049530877851
