,test_statistic,p,-log2(p)
Acute-Care_dd_g0,0.027791490199169322,0.8675999688159283,0.20489809373183937
