,test_statistic,p,-log2(p)
Acute-Care_dd_17,0.09212127348261638,0.7614975205451535,0.39308875561804457
