,test_statistic,p,-log2(p)
Acute-Care_dd_1,2.9004011731808306,0.08855751025558209,3.4972415276419015
