,test_statistic,p,-log2(p)
Acute-Care_dd_7,0.11523025743753254,0.7342663696958711,0.44562457061125715
