kmeans2,X-parts,Clusters,N,iters,mean-hom,std-hom,std2
0,2,4,32,50000,0.674808125,0.06178205061127686,0.000276297729912295
1,4,16,512,6250,0.6609665625,0.019721003489003325,0.0002494531550775115
2,5,25,1250,2000,0.6777912,0.016359185877053907,0.0003658025167764705
3,10,100,20000,250,0.7862146,0.011961129413228508,0.0007564882466767085
4,12,144,41472,86,0.8348501875179442,0.009645060065678078,0.001040053574595805
5,20,400,320000,15,0.9030943750000001,0.0020227602067883913,0.0005222744396175007
6,25,625,781250,4,0.9130928,0.0026907912935789494,0.0013453956467894747
7,33,1089,2371842,1,0.9393787613171536,0.0,0.0
