,test_statistic,p,-log2(p)
Acute Care_dd,1.017229011736253,0.3131771982652686,1.6749489178495072
