,test_statistic,p,-log2(p)
Acute Care,9.992876519659415,0.001571469355119112,9.313670145932207
