,test_statistic,p,-log2(p)
Diabetes,0.1416478901948583,0.7066482513737992,0.5009358321560835
