,test_statistic,p,-log2(p)
Emergency Visits,7.997824897998114,0.004683357520106464,7.73824110936337
