,test_statistic,p,-log2(p)
Acute-Care_dd_g0,0.9432371405057222,0.33144672010839393,1.5931511184053195
