,test_statistic,p,-log2(p)
Acute-Care_dd_g0,1.1920564033967185,0.2749151474962438,1.8629416950730233
