,test_statistic,p,-log2(p)
Acute-Care_dd_g1,9.303532567625739,0.002287124248087485,8.772249542335926
