,test_statistic,p,-log2(p)
Acute-Care_dd_2,0.0330382210902942,0.8557677878657558,0.22470871968963876
