,test_statistic,p,-log2(p)
Acute-Care_dd_0,0.14247797141119006,0.7058298954996359,0.5026075579750708
