box,X-parts,Clusters,N,iters,mean-hom,std-hom
0,2,4,32,50000,0.671416875,0.061388754540097776
1,4,16,512,6250,0.6696946875,0.015040075764566688
2,5,25,1250,2000,0.7767988,0.010426658072460227
3,10,100,20000,250,0.9375156000000001,0.0015226413366252714
4,12,144,41472,86,0.9186189505275623,0.0012813753898360625
5,20,400,320000,15,0.9627197916666667,0.00029571520528859124
6,25,625,781250,4,0.95501952,0.00033509485701809904
7,33,1089,2371842,1,0.9732515909575764,0.0
