,C0 Pred,C1 Pred,C2 Pred,C3 Pred,C4 Pred,C5 Pred
C0 True,0.5695101807439408,0.18097423842952892,0.1151647025189797,0.06456275213620914,0.03456846987071567,0.035219656300625776
C1 True,0.40478449444293846,0.24844131200867445,0.17850365952832745,0.09162374627270263,0.042355651938194634,0.034291135809162376
C2 True,0.21481602349677736,0.19009545565799135,0.2436158929591254,0.1758178999755242,0.09398710940686954,0.08166761850371217
C3 True,0.10275369709331973,0.11116777154513004,0.20359510453850077,0.23202447730749617,0.17248852626211117,0.17797042325344212
C4 True,0.07640982870340668,0.07987425418618078,0.1403733880798101,0.2208250465131199,0.2030538269070379,0.2794636556104446
C5 True,0.04921459336204712,0.04072713453255637,0.070749936660755,0.11654421079300735,0.17253610336964784,0.5502280212819863
