,C0 Pred,C1 Pred,C2 Pred,C3 Pred,C4 Pred,C5 Pred
C0 True,0.407388583590102,0.4178631555541438,0.09665353705409613,0.05252374448079794,0.01981353832470379,0.005757440996156412
C1 True,0.013147194361615613,0.4344673353212253,0.5236513960422878,0.02873407427487124,0.0,0.0
C2 True,0.01231949090315738,0.035000407930162354,0.3050501754099698,0.5988414783389083,0.0336950314106225,0.015093416007179571
C3 True,0.0018485466598674146,0.02791942886282509,0.12589240183579806,0.28142529321774606,0.5629143294237634,0.0
C4 True,0.006351446718419196,0.013280297683967409,0.09668313338038109,0.1349842817732726,0.545005453262334,0.20369538718162572
C5 True,0.0,0.017101596148973903,0.04934127185203952,0.11090701798834558,0.13478591335191284,0.6878642006587281
