,C0 Pred,C1 Pred,C2 Pred,C3 Pred,C4 Pred,C5 Pred
C0 True,0.38076935294304504,0.4206584924240018,0.10846224706966107,0.07000254121533624,0.015350528890441854,0.004756837457514056
C1 True,0.06695581458389807,0.49369747899159666,0.43866901599349417,0.0006776904310111142,0.0,0.0
C2 True,0.01786734111120176,0.04854368932038835,0.28595904381169945,0.5988414783389083,0.041364118462919146,0.0074243289548829245
C3 True,0.0018485466598674146,0.017975522692503826,0.12614737378888322,0.4103136155022947,0.4437149413564508,0.0
C4 True,0.0016680567139282735,0.01796368768845833,0.07140565856162187,0.25322384037980367,0.6255212677231026,0.030217488933085263
C5 True,0.004497086394730175,0.006903977704585762,0.04592095262224474,0.15714466683557132,0.16962249809982266,0.6159108183430454
