,C0 Pred,C1 Pred,C2 Pred,C3 Pred,C4 Pred,C5 Pred
C0 True,0.7595685035566038,0.17729939674407075,0.04310912003458074,0.013272107200294954,0.0043774195393896246,0.00237345292506023
C1 True,0.2215693241138047,0.666860258547651,0.09603979338052421,0.013146027494602202,0.001981469840662494,0.00040312662275547297
C2 True,0.04496139264863626,0.1787319757301825,0.6248086008826877,0.11700115453585203,0.026144914719922703,0.008351961482718809
C3 True,0.014730989661015874,0.045043444043183826,0.2177470027100959,0.6177305009551978,0.0855171713453373,0.019230891285169364
C4 True,0.006325580214955525,0.01449109850647785,0.04903752204753385,0.20031849962566778,0.6102440138566371,0.11958328574872791
C5 True,0.00481500253421186,0.008071464774455145,0.020932589964521034,0.05548656867714141,0.2074885960466295,0.7032057780030411
