,test_statistic,p,-log2(p)
Acute Care,34.39332963178755,4.502637816184564e-09,27.726582419346514
