,LogRank Statistic,LogRank Test P-value,RMST Difference After 6 Months,RMST Difference After 12 Months,RMST Difference After 18 Months,RMST Difference After 24 Months
Diabetes,41.42916593996571,1.222202100247006e-10,-0.14379705912662644,-0.3118446257066889,-0.49570850990411586,-0.7210699674324879
Emergency Visits,23.974104020093943,9.76401739312423e-07,0.07371281212154202,0.31407198740385844,0.6263474209906867,1.0234180194762743
Inpatient Vistis,10.544994827392296,0.0011650314837180235,0.026323368823319093,0.10310316259896268,0.24912556164381883,0.4878128421707011
Acute Care,34.39332963178755,4.502637816184564e-09,0.11265092250958553,0.4614875003892873,0.8956818850124453,1.442668395215346
Acute Care DD,16.897869474985047,3.944583239236636e-05,0.005120702267744193,0.09111774072551171,0.34369123205402907,0.6759848814844922
