,test_statistic,p,-log2(p)
Diabetes,41.42916593996571,1.222202100247006e-10,32.929798083589134
