,test_statistic,p,-log2(p)
Acute-Care_dd_g0,5.907453454246853,0.015076951512935907,6.051511437678134
