,test_statistic,p,-log2(p)
Acute-Care_dd_g2,0.2705189549181384,0.60298386527184,0.7298086960849393
