,test_statistic,p,-log2(p)
Acute-Care_dd_g1,2.9242526936043034,0.08725761737840149,3.5185751091762203
