,C0 Pred,C1 Pred,C2 Pred,C3 Pred,C4 Pred,C5 Pred
C0 True,0.14976377952755907,0.42039370078740157,0.2668503937007874,0.10283464566929133,0.057559055118110235,0.0025984251968503938
C1 True,0.04712404712404712,0.6347886347886348,0.3180873180873181,0.0,0.0,0.0
C2 True,0.025043177892918825,0.12521588946459414,0.46545768566493956,0.3013816925734024,0.05699481865284974,0.025906735751295335
C3 True,0.0,0.020012911555842477,0.37701743060038734,0.44351194318915427,0.1594577146546159,0.0
C4 True,0.0,0.12443584784010316,0.13152804642166344,0.28433268858800775,0.45970341715022567,0.0
C5 True,0.0006253908692933083,0.0006253908692933083,0.12445278298936835,0.15572232645403378,0.5478424015009381,0.17073170731707318
