,C0 Pred,C1 Pred,C2 Pred,C3 Pred,C4 Pred,C5 Pred
C0 True,0.2762204724409449,0.36236220472440944,0.2137007874015748,0.09055118110236221,0.05125984251968504,0.005905511811023622
C1 True,0.04851004851004851,0.611919611919612,0.2480942480942481,0.09147609147609148,0.0,0.0
C2 True,0.0,0.26424870466321243,0.47322970639032813,0.21675302245250433,0.015544041450777202,0.030224525043177894
C3 True,0.003873466752743706,0.11878631375080698,0.328599096191091,0.3131052291801162,0.23563589412524208,0.0
C4 True,0.01160541586073501,0.058027079303675046,0.30947775628626695,0.30754352030947774,0.31334622823984526,0.0
C5 True,0.006253908692933083,0.04815509693558474,0.13883677298311445,0.10131332082551595,0.34771732332707944,0.35772357723577236
