,test_statistic,p,-log2(p)
Acute-Care_dd_0,6.4738357161859845,0.010947400518270062,6.513267850050436
