,test_statistic,p,-log2(p)
Acute-Care_dd_6,0.3250666415043435,0.5685785707462789,0.8145683688241958
