,test_statistic,p,-log2(p)
Acute-Care_dd_2,0.016876228580572902,0.8966387881675327,0.15740118384748228
