,test_statistic,p,-log2(p)
Acute-Care_dd_1,2.130913808180433,0.14435467521571838,2.7923102619840106
