,test_statistic,p,-log2(p)
Acute-Care_dd_g1,6.465813619885885,0.010996928143764479,6.506755608813633
