,test_statistic,p,-log2(p)
Acute Care_dd,16.897869474985047,3.944583239236636e-05,14.629767592562615
