,test_statistic,p,-log2(p)
Acute Care,29.53158194900268,5.501294061875888e-08,24.115653737360645
