,LogRank Statistic,LogRank Test P-value,RMST Difference After 6 Months,RMST Difference After 12 Months,RMST Difference After 18 Months,RMST Difference After 24 Months
Diabetes,0.07899833274188348,0.7786594559430149,0.014074974710283072,0.037288882710512894,0.04224084955518137,0.002674345500587094
Emergency Visits,23.974104020093943,9.76401739312423e-07,0.07371281212154202,0.31407198740385844,0.6263474209906867,1.0234180194762743
Inpatient Vistis,10.544994827392296,0.0011650314837180235,0.026323368823319093,0.10310316259896268,0.24912556164381883,0.4878128421707011
Acute Care,29.531581949002682,5.501294061875888e-08,0.09403990833938991,0.3962670375754662,0.7910348406118217,1.3066893658515646
Acute Care DD,16.897869474985047,3.944583239236636e-05,0.005120702267744193,0.09111774072551171,0.34369123205402907,0.6759848814844922
