,test_statistic,p,-log2(p)
Diabetes,0.07899833274188348,0.7786594559430149,0.3609355864220031
