,test_statistic,p,-log2(p)
Emergency Visits,23.97410402009394,9.76401739312423e-07,19.966021799146574
