,test_statistic,p,-log2(p)
Inpatient Visits,10.544994827392298,0.0011650314837180237,9.74541534197985
