,test_statistic,p,-log2(p)
Acute Care,10.882376241691231,0.0009708361077413744,10.008484612746965
