,test_statistic,p,-log2(p)
Diabetes,0.0021548461838184524,0.9629752403082723,0.05442939042577684
