,test_statistic,p,-log2(p)
Inpatient Visits,1.1359595079508562,0.28650772558672244,1.8033540535827337
