,test_statistic,p,-log2(p)
Acute Care_dd,6.056834129726719,0.013852580053641178,6.173701485418118
