,LogRank Statistic,LogRank Test P-value,RMST Difference After 6 Months,RMST Difference After 12 Months,RMST Difference After 18 Months,RMST Difference After 24 Months
Diabetes,0.0021548461838184524,0.9629752403082724,0.011365207758167628,0.034037874983880556,0.04123998285625419,0.02554031963950365
Emergency Visits,8.767863195511882,0.003065844134557013,0.05180268748597161,0.19090191060049122,0.37289844874363354,0.6186265624201717
Inpatient Vistis,1.1359595079508562,0.28650772558672244,0.01527429484520848,0.05160000088076444,0.08963141054438495,0.184942980044017
Acute Care,10.882376241691231,0.0009708361077413744,0.0793778106784302,0.27356062431731765,0.495039287535775,0.8214147773838754
Acute Care DD,6.0568341297267185,0.013852580053641178,0.007176741002874465,0.066054465554231,0.21194450468316894,0.39497154371691323
