,test_statistic,p,-log2(p)
Emergency Visits,8.767863195511882,0.003065844134557013,8.349499931441512
