,test_statistic,p,-log2(p)
Acute Care,1.8894305576526602,0.16926616308699116,2.562634492743903
