,test_statistic,p,-log2(p)
Acute Care_dd,1.129261907120943,0.28793283018178484,1.796195800115487
