,LogRank Statistic,LogRank Test P-value,RMST Difference After 6 Months,RMST Difference After 12 Months,RMST Difference After 18 Months,RMST Difference After 24 Months
Diabetes,23.666579109343296,1.1455473933504992e-06,-0.15760704620162524,-0.33393160446331294,-0.5507571824710631,-0.7965206685657158
Emergency Visits,2.8799153761961667,0.08969073517461633,0.03711250692131696,0.1621973170664095,0.3429423162828904,0.4931265469162014
Inpatient Vistis,0.034602693742156784,0.8524306511684101,0.019671047737923608,0.06566006388269585,0.08654927263332013,0.14131495683412965
Acute Care,1.88943055765266,0.16926616308699116,0.05144736678295736,0.21565966212659227,0.3736677927463088,0.5407749438162384
Acute Care DD,1.1292619071209429,0.28793283018178484,0.053640272462555316,0.1065128568742928,0.23899800057636256,0.36019832811105346
