,test_statistic,p,-log2(p)
Diabetes,23.666579109343296,1.1455473933504992e-06,19.735531422565185
