,test_statistic,p,-log2(p)
Emergency Visits,2.8799153761961667,0.08969073517461633,3.47889722367105
