,test_statistic,p,-log2(p)
Inpatient Visits,0.03460269374215679,0.8524306511684101,0.2303456253077708
