,C0 Pred,C1 Pred,C2 Pred,C3 Pred,C4 Pred,C5 Pred
C0 True,0.8287062037419396,0.07807884120580667,0.06515040818271338,0.022632699088339,0.00543184778120136,0.0
C1 True,0.19822445107075087,0.801097858498238,0.0006776904310111142,0.0,0.0,0.0
C2 True,0.04731989883331974,0.12025781186260912,0.7836338418862691,0.0336950314106225,0.015093416007179571,0.0
C3 True,0.014724630290668027,0.12123916369199388,0.24445436002039775,0.6195818459969403,0.0,0.0
C4 True,0.01295951754667351,0.061718098415346125,0.1527555013793546,0.4563418233143004,0.3162250593443254,0.0
C5 True,0.011401064099315936,0.03033949835317963,0.11939447681783633,0.14783379782112996,0.6910311629085382,0.0
