,C0 Pred,C1 Pred,C2 Pred,C3 Pred,C4 Pred,C5 Pred
C0 True,0.8278088370763318,0.0750770305898796,0.06969283059623264,0.021449445697404784,0.005971856040151202,0.0
C1 True,0.21103280021686094,0.7882895093521279,0.0006776904310111142,0.0,0.0,0.0
C2 True,0.04242473688504528,0.15109733213673818,0.7576894835604144,0.0336950314106225,0.015093416007179571,0.0
C3 True,0.014724630290668027,0.11327129015808261,0.27823814380418155,0.5937659357470678,0.0,0.0
C4 True,0.01295951754667351,0.052672098543658175,0.16180150125104253,0.7132867132867133,0.059280169371912494,0.0
C5 True,0.011401064099315936,0.030846212313149227,0.11888776285786673,0.1271218647073727,0.7117430960222955,0.0
