,C0 Pred,C1 Pred,C2 Pred,C3 Pred,C4 Pred,C5 Pred
C0 True,0.5708681426892411,0.13281820780788411,0.1100346240589562,0.07919856421333503,0.051523140942155585,0.05555732028842794
C1 True,0.42965573326104634,0.14102737869341284,0.13452155055570617,0.10917592843589048,0.07922201138519924,0.10639739766874491
C2 True,0.2946887492861222,0.1342090234151913,0.14098066411030433,0.13249571673329527,0.10761197682956677,0.1900138696255201
C3 True,0.18530086690464048,0.1068332483426823,0.13233044365119837,0.1398521162672106,0.13188424273329935,0.3037990821009689
C4 True,0.10681978571886828,0.08186309103740297,0.11073330339385386,0.13543337396548405,0.1403733880798101,0.42477705780458075
C5 True,0.058272105396503675,0.051051431466936914,0.07702052191537877,0.10824676969850519,0.12971877375221688,0.5756903977704586
