,C0 Pred,C1 Pred,C2 Pred,C3 Pred,C4 Pred,C5 Pred
C0 True,0.5800403417934628,0.16579047679552747,0.12408278008957783,0.0738699533051682,0.03510053683173978,0.021115911184523998
C1 True,0.4169151531580374,0.1883301707779886,0.16698292220113853,0.11310653293575494,0.06817565735971808,0.046489563567362426
C2 True,0.2432079627967692,0.16961736150770987,0.1908297299502325,0.15974545157868972,0.11952353757036795,0.11707595659623073
C3 True,0.12780469148393678,0.12060173380928098,0.1657955124936257,0.18536460989291179,0.1618434472208057,0.23859000509943906
C4 True,0.06312953101943927,0.08167062295502663,0.13074998396099313,0.16808879194200296,0.18149740168088793,0.3748636684416501
C5 True,0.024195591588548265,0.038193564732708386,0.07417025589054979,0.12762857866734229,0.1612617177603243,0.5745502913605269
