,C0 Pred,C1 Pred,C2 Pred,C3 Pred,C4 Pred,C5 Pred
C0 True,0.8013881388774181,0.13354880721705156,0.051046663066611604,0.010355452495155808,0.0036609383437629047,0.0
C1 True,0.11690159934941718,0.874695039306045,0.008403361344537815,0.0,0.0,0.0
C2 True,0.016643550624133148,0.3333605286774904,0.5933752141633353,0.05645753447009872,0.00016317206494248184,0.0
C3 True,0.010007649158592554,0.16012238653748087,0.5314890362060173,0.2983809280979092,0.0,0.0
C4 True,0.012061333162250594,0.08616154487714121,0.1678963238596266,0.7016744723166741,0.03220632578430743,0.0
C5 True,0.004560425639726374,0.06264251330124145,0.11014694704839119,0.16753230301494806,0.6551178109956929,0.0
