,C0 Pred,C1 Pred,C2 Pred,C3 Pred,C4 Pred,C5 Pred
C0 True,0.5779527559055118,0.15275590551181104,0.1141732283464567,0.07929133858267716,0.04251968503937008,0.033307086614173226
C1 True,0.44005544005544006,0.1690921690921691,0.16285516285516285,0.11642411642411643,0.06306306306306306,0.04851004851004851
C2 True,0.28842832469775476,0.15284974093264247,0.15630397236614854,0.14766839378238342,0.12521588946459414,0.12953367875647667
C3 True,0.1549386701097482,0.11426726920593931,0.16655907036797934,0.1672046481601033,0.1394448030987734,0.2575855390574564
C4 True,0.08123791102514506,0.08639587362991619,0.11218568665377177,0.17150225660863957,0.15731785944551901,0.3913604126370084
C5 True,0.04440275171982489,0.03877423389618512,0.07004377736085053,0.11757348342714197,0.14821763602251406,0.5809881175734835
