,C0 Pred,C1 Pred,C2 Pred,C3 Pred,C4 Pred,C5 Pred
C0 True,0.4109448818897638,0.2599212598425197,0.18322834645669292,0.11779527559055118,0.022204724409448817,0.005905511811023622
C1 True,0.05266805266805267,0.6846846846846847,0.2626472626472626,0.0,0.0,0.0
C2 True,0.0,0.05267702936096719,0.6848013816925734,0.2158894645941278,0.016407599309153715,0.030224525043177894
C3 True,0.003873466752743706,0.07876049063912201,0.36862491930277597,0.4596513879922531,0.08908973531310523,0.0
C4 True,0.01160541586073501,0.027079303675048357,0.16054158607350097,0.5228884590586719,0.27788523533204385,0.0
C5 True,0.006253908692933083,0.02689180737961226,0.10256410256410256,0.1801125703564728,0.32645403377110693,0.35772357723577236
