,C0 Pred,C1 Pred,C2 Pred
C0 True,0.569861327890503,0.13289410493456597,0.297244567174931
C1 True,0.4312470152817574,0.13893863419293218,0.4298143505253104
C2 True,0.2966847498493068,0.13402652200120554,0.5692887281494876
