,test_statistic,p,-log2(p)
Acute Care_dd,4.637464031686032,0.031281194439652486,4.9985605882783295
