,test_statistic,p,-log2(p)
Acute Care,17.358048869625097,3.095843571672167e-05,14.97930789832733
