,LogRank Statistic,LogRank Test P-value,RMST Difference After 6 Months,RMST Difference After 12 Months,RMST Difference After 18 Months,RMST Difference After 24 Months
Diabetes,43.43225744072193,4.388931134935061e-11,-0.14370623108328573,-0.31024931686866,-0.48890843264032213,-0.714225618375707
Emergency Visits,6.26306902751735,0.012328045889636513,0.031021101661398376,0.1211647149230064,0.2574538843052032,0.44582083659824434
Inpatient Vistis,13.77896503962751,0.00020562568441101828,0.048649963956354014,0.17381264357427817,0.33396854247833474,0.5660351520897393
Acute Care,17.358048869625097,3.0958435716721666e-05,0.07270024001368736,0.2758168128183467,0.5443539343761241,0.9049438043931062
Acute Care DD,4.637464031686032,0.031281194439652486,-0.02876665531568179,-0.051050552415585315,0.029693514996438353,0.1892295759825906
