,test_statistic,p,-log2(p)
Diabetes,43.432257440721926,4.388931134935061e-11,34.4073394101702
