,test_statistic,p,-log2(p)
Emergency Visits,6.26306902751735,0.012328045889636511,6.341912052544317
