,test_statistic,p,-log2(p)
Inpatient Visits,13.77896503962751,0.00020562568441101828,12.247691898781868
