,test_statistic,p,-log2(p)
Diabetes,45.2757848721329,1.711522684619248e-11,35.765928629724186
