,test_statistic,p,-log2(p)
Acute-Care_dd_,1.3827987049180852,0.23962500078899246,2.0611496582436994
